{"cameraMode":{"drawMode":0,"name":"Shaded","section":"Shading Mode"},"sceneLighting":true,"audioPlay":false,"sceneViewState":{"showFog":true,"showMaterialUpdate":false,"showSkybox":true,"showFlares":true,"showImageEffects":true,"showParticleSystems":true},"in2DMode":false,"pivot":{"x":112.39260864257813,"y":90.69587707519531,"z":-31.61423683166504},"rotation":{"x":-0.0014999979175627232,"y":-0.0014999979175627232,"z":-0.000002249998942716047,"w":0.9999977946281433},"size":473.1874084472656,"orthographic":false}