{"cameraMode":{"drawMode":0,"name":"Shaded","section":"Shading Mode"},"sceneLighting":false,"audioPlay":false,"sceneViewState":{"showFog":true,"showMaterialUpdate":false,"showSkybox":true,"showFlares":true,"showImageEffects":true,"showParticleSystems":true},"in2DMode":false,"pivot":{"x":1.605875015258789,"y":2.01200008392334,"z":3.628307342529297},"rotation":{"x":0.11075715720653534,"y":-0.016397710889577867,"z":0.001827659085392952,"w":0.9937105774879456},"size":4.041658401489258,"orthographic":false}