{"cameraMode":{"drawMode":0,"name":"Shaded","section":"Shading Mode"},"sceneLighting":true,"audioPlay":false,"sceneViewState":{"showFog":true,"showMaterialUpdate":false,"showSkybox":true,"showFlares":true,"showImageEffects":true,"showParticleSystems":true},"in2DMode":false,"pivot":{"x":1.734463095664978,"y":0.13458824157714845,"z":4.681197643280029},"rotation":{"x":0.11075715720653534,"y":-0.016397710889577867,"z":0.001827659085392952,"w":0.9937105774879456},"size":8.092802047729493,"orthographic":false}